Region,Country,Item_Type,Sales_Channel,Order_Priority,Order_Date,Order_ID,Ship_Date,Units_Sold,Unit_Price,Unit_Cost,Name,Appended
Asia,Sri Lanka,Fruits,Online,H,13/03/17,484823930,20/04/17,9030,9.33,6.92,Nobita,Nobita_Sri Lanka
Asia,Thailand,Fruits,Online,M,29/06/17,980155408,04/07/17,8621,9.33,6.92,James,James_Thailand
Central America and the Caribbean,Nicaragua,Household,Online,C,28/10/15,573998582,07/12/15,7791,668.27,502.54,Devis,Devis_Nicaragua
Asia,Singapore,Snacks,Online,C,28/01/13,176461303,07/02/13,7676,152.58,97.44,Johny,Johny_Singapore
Asia,Vietnam,Fruits,Online,C,06/07/16,455516612,19/07/16,6343,9.33,6.92,Sherlock,Sherlock_Vietnam
Europe,Ukraine,Cosmetics,Online,M,08/02/14,942602765,27/02/14,5960,437.2,263.33,HanTaeSu,HanTaeSu_Ukraine
Europe,France,Cosmetics,Online,M,07/12/15,324669444,18/01/16,5758,437.2,263.33,Hary,Hary_France
Asia,India,Snacks,Online,L,10/10/12,440306556,20/11/12,5349,152.58,97.44,Feriha,Feriha_India
Europe,Ukraine,Fruits,Online,L,23/11/16,110557496,24/12/16,5275,9.33,6.92,Sonio,Sonio_Ukraine
Sub-Saharan Africa,Togo,Cosmetics,Online,M,08/09/15,563681733,09/09/15,4806,437.2,263.33,Emily,Emily_Togo
Middle East and North Africa,Morocco,Clothes,Online,M,14/09/13,667593514,19/10/13,4611,109.28,35.84,Haze,Haze_Morocco
Europe,Italy,Cereal,Online,C,30/11/15,887409770,05/12/15,3126,205.7,117.11,Otis,Otis_Italy
Europe,Monaco,Personal Care,Online,M,16/03/15,934613645,22/03/15,1801,81.73,56.67,Watson,Watson_Monaco
Sub-Saharan Africa,South Africa,Fruits,Offline,M,27/07/12,443368995,28/07/12,1593,9.33,6.92,Rajat,Rajat_South Africa
Sub-Saharan Africa,Tanzania,Beverages,Online,L,30/11/16,659878194,16/01/17,1476,47.45,31.79,Zaved,Zaved_Tanzania
Asia,Sri Lanka,Fruits,Online,L,07/11/11,830192887,18/12/11,1379,9.33,6.92,Jack,Jack_Sri Lanka
Europe,United Kingdom,Cosmetics,Online,L,01/05/15,135178029,16/05/15,1038,437.2,263.33,Keech,Keech_United Kingdom
Sub-Saharan Africa,Seychelles ,Beverages,Online,M,18/01/13,425793445,16/02/13,597,47.45,31.79,John,John_Seychelles 
Asia,South Korea,Fruits,Online,C,01/01/14,931736171,05/01/14,293,9.33,6.92,Brad,Brad_South Korea
Central America and the Caribbean,Saint Kitts and Nevis ,Snacks,Online,C,27/06/17,452521550,29/07/17,38,152.58,97.44,Judy,Judy_Saint Kitts and Nevis 
