Region,Country,Item_Type,Sales_Channel,Order_Priority,Order_Date,Order_ID,Ship_Date,Units_Sold,Unit_Price,Unit_Cost,Name,errorMessage
Asia,Sri Lanka,Fruits,Online,H,13/03/17,484823930,20/04/17,9030,9.33,6.92,Nobita,Order_Priority.compareTo('M') == 0 failed|Order_Priority.compareTo('L') == 0 failed
Central America and the Caribbean,Nicaragua,Household,Online,C,28/10/15,573998582,07/12/15,7791,668.27,502.54,Devis,Order_Priority.compareTo('M') == 0 failed|Order_Priority.compareTo('L') == 0 failed
Asia,Singapore,Snacks,Online,C,28/01/13,176461303,07/02/13,7676,152.58,97.44,Johny,Order_Priority.compareTo('M') == 0 failed|Order_Priority.compareTo('L') == 0 failed
Asia,Vietnam,Fruits,Online,C,06/07/16,455516612,19/07/16,6343,9.33,6.92,Sherlock,Order_Priority.compareTo('M') == 0 failed|Order_Priority.compareTo('L') == 0 failed
Europe,Italy,Cereal,Online,C,30/11/15,887409770,05/12/15,3126,205.7,117.11,Otis,Order_Priority.compareTo('M') == 0 failed|Order_Priority.compareTo('L') == 0 failed
Asia,South Korea,Fruits,Online,C,01/01/14,931736171,05/01/14,293,9.33,6.92,Brad,Order_Priority.compareTo('M') == 0 failed|Order_Priority.compareTo('L') == 0 failed
Central America and the Caribbean,Saint Kitts and Nevis ,Snacks,Online,C,27/06/17,452521550,29/07/17,38,152.58,97.44,Judy,Order_Priority.compareTo('M') == 0 failed|Order_Priority.compareTo('L') == 0 failed
