Region,Country,Item_Type,Sales_Channel,Order_Priority,Order_Date,Order_ID,Ship_Date,Units_Sold,Unit_Price,Unit_Cost,errorMessage
Asia,Sri Lanka,Fruits,Online,H,13-03-2017,484823930,20/04/17,9030,13.995,6.92,Item_Type.compareTo("Fruit") == 0 failed
Asia,Thailand,Fruits,Online,M,29-06-2017,980155408,04/07/17,8621,13.995,6.92,Item_Type.compareTo("Fruit") == 0 failed
Central America and the Caribbean,Nicaragua,Household,Online,C,28-10-2015,573998582,07/12/15,7791,1002.405,502.54,Region.compareTo("Asia") == 0 failed|Item_Type.compareTo("Fruit") == 0 failed
Asia,Vietnam,Fruits,Online,C,06-07-2016,455516612,19/07/16,6343,13.995,6.92,Item_Type.compareTo("Fruit") == 0 failed
Europe,France,Cosmetics,Online,M,07-12-2015,324669444,18/01/16,5758,655.80005,263.33,Region.compareTo("Asia") == 0 failed|Item_Type.compareTo("Fruit") == 0 failed
Europe,Ukraine,Fruits,Online,L,23-11-2016,110557496,24/12/16,5275,13.995,6.92,Region.compareTo("Asia") == 0 failed|Item_Type.compareTo("Fruit") == 0 failed
Sub-Saharan Africa,Togo,Cosmetics,Online,M,08-09-2015,563681733,09/09/15,4806,655.80005,263.33,Region.compareTo("Asia") == 0 failed|Item_Type.compareTo("Fruit") == 0 failed
Europe,Italy,Cereal,Online,C,30-11-2015,887409770,05/12/15,3126,308.55,117.11,Region.compareTo("Asia") == 0 failed|Item_Type.compareTo("Fruit") == 0 failed
Europe,Monaco,Personal Care,Online,M,16-03-2015,934613645,22/03/15,1801,122.595,56.67,Region.compareTo("Asia") == 0 failed|Item_Type.compareTo("Fruit") == 0 failed
Sub-Saharan Africa,Tanzania,Beverages,Online,L,30-11-2016,659878194,16/01/17,1476,71.175,31.79,Region.compareTo("Asia") == 0 failed|Item_Type.compareTo("Fruit") == 0 failed
Europe,United Kingdom,Cosmetics,Online,L,01-05-2015,135178029,16/05/15,1038,655.80005,263.33,Region.compareTo("Asia") == 0 failed|Item_Type.compareTo("Fruit") == 0 failed
Central America and the Caribbean,Saint Kitts and Nevis ,Snacks,Online,C,27-06-2017,452521550,29/07/17,38,228.87,97.44,Region.compareTo("Asia") == 0 failed|Item_Type.compareTo("Fruit") == 0 failed
